{
    "loss": 5.8117995262146,
    "accuracy": 0.5415326952934265
}