{
    "loss": 12.889425277709961,
    "accuracy": 0.4523043930530548
}